{
	"parent": "minecraft:item/generated",
	"textures": {
		"layer0": "minecraft:item/string"
	},
  
	"overrides": [
		{"predicate": {"custom_model_data":1}, "model": "item/string/1"},
		{"predicate": {"custom_model_data":2}, "model": "item/string/2"},
		{"predicate": {"custom_model_data":3}, "model": "item/string/3"},
		{"predicate": {"custom_model_data":4}, "model": "item/string/4"},
		{"predicate": {"custom_model_data":5}, "model": "item/string/5"},
		{"predicate": {"custom_model_data":6}, "model": "item/string/6"},
		{"predicate": {"custom_model_data":7}, "model": "item/string/7"}
    ]
}